escenario,ingresos_totales,gastos_totales,perdidas_totales,ganancia_neta,tasa_morosidad,clientes_activos_final
optimistic,18782305.51734939,720000.0,17974653.91948591,87651.59786347672,0.656,344
opt_neut,6292522.85726145,1080000.0,9577423.548802827,-4364900.6915413765,0.764,177
neutral,1554624.3734636526,1080000.0,3950859.2555343327,-3476234.88207068,0.822,89
pes_neut,348222.16089565854,864000.0,1467704.0142806324,-1983481.853384974,0.88,36
pessimistic,20092.305710786874,360000.0,213490.80414715246,-553398.4984363655,0.91,9
